course_code	mr_message	me_message	cr_message
BUS1013	This course is a Major Required Course for CCM		
ECON2013	This course is a Major Required Course for CCM, THEM	This course is a Major Elective Course for ENVS, FS (ME Courses on Business and Management)	
MKT2003	This course is a Major Required Course for BA, CCM, THEM		
ECON2003		This course is a Major Elective Course for ENVS, FS (ME Courses on Business and Management)	
BUS2003	This course is a Major Required Course for CCM		
BUS3003	This course is a Major Required Course for CCM		
BUS3023	This course is a Major Required Course for BA, CCM		
BUS4013	This course is a Major Required Course for CCM		
ACCT3003	This course is a Major Required Course for ACCT		
ACCT3033	This course is a Major Required Course for ACCT		
ACCT3023	This course is a Major Required Course for ACCT		
ACCT3043	This course is a Major Required Course for ACCT		
BUS3013	This course is a Major Required Course for ACCT		
ACCT4003	This course is a Major Required Course for ACCT		
ACCT4043	This course is a Major Required Course for ACCT		
ACCT4053	This course is a Major Required Course for ACCT		
ACCT3013		This course is a Major Elective Course for ACCT	
ACCT3053		This course is a Major Elective Course for ACCT	
ACCT3063		This course is a Major Elective Course for ACCT	
ACCT3083		This course is a Major Elective Course for ACCT	
ACCT3093		This course is a Major Elective Course for ACCT	
ACCT4013		This course is a Major Elective Course for ACCT	
ACCT4023		This course is a Major Elective Course for ACCT	
ACCT4063		This course is a Major Elective Course for ACCT	
ACCT4083		This course is a Major Elective Course for ACCT	
BUS4023		This course is a Major Elective Course for ACCT	
FIN3013		This course is a Major Elective Course for ACCT	
ECON3143	This course is a Major Required Course for AE		
ECON3013	This course is a Major Required Course for AE, FIN	This course is a Major Elective Course for BA (Business Applications (BA))	
ECON3063	This course is a Major Required Course for AE		
ECON3003	This course is a Major Required Course for AE		
ECON4043	This course is a Major Required Course for AE		
ECON2023		This course is a Major Elective Course for AE	
ECON2083		This course is a Major Elective Course for AE	
ECON2093		This course is a Major Elective Course for AE	
ECON3023		This course is a Major Elective Course for AE	
ECON3043		This course is a Major Elective Course for AE	
ECON3053		This course is a Major Elective Course for AE	
ECON3073		This course is a Major Elective Course for AE	
ECON3083		This course is a Major Elective Course for AE	
ECON3113		This course is a Major Elective Course for AE	
ECON3123		This course is a Major Elective Course for AE	
ECON3153		This course is a Major Elective Course for AE	
ECON3163		This course is a Major Elective Course for AE	
ECON3173		This course is a Major Elective Course for AE	
ECON3183		This course is a Major Elective Course for AE	
ECON4003		This course is a Major Elective Course for AE	
ECON4013		This course is a Major Elective Course for AE	
ECON4023		This course is a Major Elective Course for AE	
ECON4033		This course is a Major Elective Course for AE	
ECON4053		This course is a Major Elective Course for AE	
ECON4083		This course is a Major Elective Course for AE	
ECON4093		This course is a Major Elective Course for AE	
ECON4103		This course is a Major Elective Course for AE	
ECON4113		This course is a Major Elective Course for AE	
ECON4123		This course is a Major Elective Course for AE	
ECON4133		This course is a Major Elective Course for AE	
AI1003	This course is a Major Required Course for AI		
MATH1003	This course is a Major Required Course for AI, CST, DS, FS	This course is a Major Elective Course for APSY	
MATH1123	This course is a Major Required Course for AI, CST, DS, ENVS, FS	This course is a Major Elective Course for APSY	
AI1013	This course is a Major Required Course for AI		
AI1023	This course is a Major Required Course for AI		
AI2033	This course is a Major Required Course for AI		
AI2003	This course is a Major Required Course for AI		
AI2013	This course is a Major Required Course for AI		
MATH2003	This course is a Major Required Course for AI, CST, DS		
AI2023	This course is a Major Required Course for AI		
AI3013	This course is a Major Required Course for AI		
AI3023	This course is a Major Required Course for AI		
COMP3023	This course is a Major Required Course for AI, CST, DS		
AI3003	This course is a Major Required Course for AI		
AI3163	This course is a Major Required Course for AI		
AI3043	This course is a Major Required Course for AI	This course is a Major Elective Course for AI	
AI4003	This course is a Major Required Course for AI		
AI4004	This course is a Major Required Course for AI		
AI2053		This course is a Major Elective Course for AI, APSY	
AI2073	This course is a Major Required Course for APSY	This course is a Major Elective Course for AI	
AI3033		This course is a Major Elective Course for AI	
AI3053		This course is a Major Elective Course for AI	
AI3063		This course is a Major Elective Course for AI	
AI3073		This course is a Major Elective Course for AI	
AI3083		This course is a Major Elective Course for AI	
AI4005		This course is a Major Elective Course for AI	
AI4013		This course is a Major Elective Course for AI	
AI4023		This course is a Major Elective Course for AI	
AI4033		This course is a Major Elective Course for AI	
AI4043		This course is a Major Elective Course for AI	
COMP3263		This course is a Major Elective Course for AI	
COMP3273		This course is a Major Elective Course for AI	
COMP4003		This course is a Major Elective Course for AI, CST (Intelligence Technology Stream), DS	
DS4073		This course is a Major Elective Course for AI, CST (Other Common Major Elective Courses), DS	
DS4083		This course is a Major Elective Course for AI, CST (Other Common Major Elective Courses), DS	
DS4093		This course is a Major Elective Course for AI, CST (Other Common Major Elective Courses), DS	
MATH1153		This course is a Major Elective Course for AI	
MATH1163		This course is a Major Elective Course for AI, CST (Other Common Major Elective Courses), DS	
MATH3153		This course is a Major Elective Course for AI	
PHYS2003		This course is a Major Elective Course for AI, AM, CST (Other Common Major Elective Courses), ENVS, FS (ME Courses on Science and Technology)	
AI2063		This course is a Major Elective Course for AI (Concentration Elective Courses for AI in Business and Finance Concentration)	
AI3093		This course is a Major Elective Course for AI (Concentration Elective Courses for AI in Business and Finance Concentration)	
AI3103		This course is a Major Elective Course for AI (Concentration Elective Courses for AI in Business and Finance Concentration)	
AI4053		This course is a Major Elective Course for AI (Concentration Elective Courses for AI in Business and Finance Concentration)	
AI4063		This course is a Major Elective Course for AI (Concentration Elective Courses for AI in Business and Finance Concentration), AI (Concentration Elective Courses for AI in Multimedia Concentration)	
COMP4043		This course is a Major Elective Course for AI (Concentration Elective Courses for AI in Business and Finance Concentration), CST (Intelligence Technology Stream)	
COMP4153		This course is a Major Elective Course for AI (Concentration Elective Courses for AI in Business and Finance Concentration), CST (Intelligence Technology Stream), DS	
STAT4013	This course is a Major Required Course for STAT	This course is a Major Elective Course for AI (Concentration Elective Courses for AI in Business and Finance Concentration), AM, CST (Intelligence Technology Stream), DS	
AI3113		This course is a Major Elective Course for AI (Concentration Elective Courses for AI in Multimedia Concentration)	
AI3123		This course is a Major Elective Course for AI (Concentration Elective Courses for AI in Multimedia Concentration)	
AI3133		This course is a Major Elective Course for AI (Concentration Elective Courses for AI in Multimedia Concentration), CST (Other Common Major Elective Courses), DS	
AI3143		This course is a Major Elective Course for AI (Concentration Elective Courses for AI in Multimedia Concentration)	
AI3153		This course is a Major Elective Course for AI (Concentration Elective Courses for AI in Multimedia Concentration)	
AI4083		This course is a Major Elective Course for AI (Concentration Elective Courses for AI in Multimedia Concentration)	
AI4093		This course is a Major Elective Course for AI (Concentration Elective Courses for AI in Multimedia Concentration)	
COMM1023	This course is a Major Required Course for AIM, CCGC, CTV, MAD, MCOM (MR Courses on Media/Communication Theories), PRA		
CTV1013	This course is a Major Required Course for AIM, CTV, MAD		
MAD1003	This course is a Major Required Course for AIM, MAD		
AIM2023	This course is a Major Required Course for AIM		
AIM2033	This course is a Major Required Course for AIM		
AIM3133	This course is a Major Required Course for AIM		
CTV2073	This course is a Major Required Course for AIM, CTV, MAD		
AIM3023	This course is a Major Required Course for AIM		
AIM3043	This course is a Major Required Course for AIM		
AIM3083	This course is a Major Required Course for AIM		
AIM3013	This course is a Major Required Course for AIM		
AIM3033	This course is a Major Required Course for AIM		
AIM3053	This course is a Major Required Course for AIM		
AIM3063	This course is a Major Required Course for AIM		
AIM4023	This course is a Major Required Course for AIM		
AIM3073	This course is a Major Required Course for AIM		
CTV2033	This course is a Major Required Course for AIM, CTV, MAD		
AIM4003	This course is a Major Required Course for AIM		
AIM4033	This course is a Major Required Course for AIM		
AIM4043	This course is a Major Required Course for AIM		
AIM2003		This course is a Major Elective Course for AIM	
AIM2013		This course is a Major Elective Course for AIM	
AIM3003		This course is a Major Elective Course for AIM	
AIM3093		This course is a Major Elective Course for AIM, DMM	
AIM3103		This course is a Major Elective Course for AIM	
AIM3113		This course is a Major Elective Course for AIM	
AIM3123		This course is a Major Elective Course for AIM, DMM	
AIM3143		This course is a Major Elective Course for AIM	
AIM3153		This course is a Major Elective Course for AIM	
AIM3163		This course is a Major Elective Course for AIM	
AIM3173		This course is a Major Elective Course for AIM	
AIM4053		This course is a Major Elective Course for AIM	
AIM4063		This course is a Major Elective Course for AIM	
AIM4073		This course is a Major Elective Course for AIM	
AIM4083		This course is a Major Elective Course for AIM	
AIM4093		This course is a Major Elective Course for AIM	
AIM4103		This course is a Major Elective Course for AIM	
AIM4113		This course is a Major Elective Course for AIM	
CTV2013		This course is a Major Elective Course for AIM, CTV	
CTV2023	This course is a Major Required Course for CTV	This course is a Major Elective Course for AIM	
CTV4063		This course is a Major Elective Course for AIM, CTV	
CTV4113		This course is a Major Elective Course for AIM, CTV	
CTV4123		This course is a Major Elective Course for AIM, CTV	
CTV4163		This course is a Major Elective Course for AIM, CTV	
MAD3103		This course is a Major Elective Course for AIM, CST (Game Design Technology Stream), MAD	
MATH1053	This course is a Major Required Course for AM, FM, STAT	This course is a Major Elective Course for ENVS	
MATH1073	This course is a Major Required Course for AM, FM, STAT		
COMP1023	This course is a Major Required Course for AM, CST, DS, STAT		
MATH1063	This course is a Major Required Course for AM, FM, STAT		
MATH1083	This course is a Major Required Course for AM, FM, STAT		
COMP2003	This course is a Major Required Course for AM, CST, DS	This course is a Major Elective Course for STAT	
MATH2043	This course is a Major Required Course for AM, FM		
MATH2053	This course is a Major Required Course for AM		
STAT2063	This course is a Major Required Course for AM, FM		
MATH4083	This course is a Major Required Course for AM	This course is a Major Elective Course for FM	
OR4023	This course is a Major Required Course for AM, DS, STAT	This course is a Major Elective Course for FM	
STAT3083	This course is a Major Required Course for AM		
MATH4093	This course is a Major Required Course for AM	This course is a Major Elective Course for FM	
MATH4103	This course is a Major Required Course for AM		
MATH3033	This course is a Major Required Course for AM	This course is a Major Elective Course for FM	
MATH3163	This course is a Major Required Course for AM, STAT	This course is a Major Elective Course for FM	
MATH4123	This course is a Major Required Course for AM		
BIOL2003	This course is a Major Required Course for ENVS, FS	This course is a Major Elective Course for AM, CST (Other Common Major Elective Courses)	
DS4023	This course is a Major Required Course for CST, DS	This course is a Major Elective Course for AM, FM, STAT	
FINM3013		This course is a Major Elective Course for AM, FM	
FINM3113		This course is a Major Elective Course for AM, FM	
FINM3123	This course is a Major Required Course for FM	This course is a Major Elective Course for AM	
FINM3133	This course is a Major Required Course for FM	This course is a Major Elective Course for AM	
FINM3143	This course is a Major Required Course for FM	This course is a Major Elective Course for AM	
MATH3013		This course is a Major Elective Course for AM, FM	
MATH3143		This course is a Major Elective Course for AM	
MATH3173	This course is a Major Required Course for FM, STAT	This course is a Major Elective Course for AM	
MATH4003		This course is a Major Elective Course for AM, STAT	
MATH4033		This course is a Major Elective Course for AM, STAT	
MATH4113		This course is a Major Elective Course for AM	
MATH4143		This course is a Major Elective Course for AM	
MATH4153		This course is a Major Elective Course for AM	
MATH4163		This course is a Major Elective Course for AM	
OR3013		This course is a Major Elective Course for AM, STAT	
OR3023		This course is a Major Elective Course for AM, FM	
STAT4073	This course is a Major Required Course for DS	This course is a Major Elective Course for AM, FM, STAT	
PSY2043	This course is a Major Required Course for APSY		
PSY2013	This course is a Major Required Course for APSY		
PSY2033	This course is a Major Required Course for APSY		
PSY3013	This course is a Major Required Course for APSY		
PSY3063	This course is a Major Required Course for APSY		
PSY2023	This course is a Major Required Course for APSY		
PSY3003	This course is a Major Required Course for APSY		
PSY3073	This course is a Major Required Course for APSY		
PSY3133	This course is a Major Required Course for APSY		
PSY3023	This course is a Major Required Course for APSY		
PSY3043	This course is a Major Required Course for APSY		
PSY3053	This course is a Major Required Course for APSY		
PSY3183	This course is a Major Required Course for APSY		
PSY4003	This course is a Major Required Course for APSY		
PSY4004	This course is a Major Required Course for APSY		
PSY4053	This course is a Major Required Course for APSY		
PSY2003		This course is a Major Elective Course for APSY	
PSY3113		This course is a Major Elective Course for APSY	
PSY3123		This course is a Major Elective Course for APSY	
PSY3143		This course is a Major Elective Course for APSY	
PSY4005		This course is a Major Elective Course for APSY	
PSY4033		This course is a Major Elective Course for APSY	
PSY4043		This course is a Major Elective Course for APSY	
PSY4063		This course is a Major Elective Course for APSY	
PSY4093		This course is a Major Elective Course for APSY	
PSY4103		This course is a Major Elective Course for APSY	
PSY4113		This course is a Major Elective Course for APSY	
PSY4123		This course is a Major Elective Course for APSY	
PSY4133		This course is a Major Elective Course for APSY	
ENG1013	This course is a Major Required Course for ATS, CCGC, ELLS		
TRA1003	This course is a Major Required Course for ATS		
TRA2023	This course is a Major Required Course for ATS		
TRA2003	This course is a Major Required Course for ATS		
TRA3013	This course is a Major Required Course for ATS		
TRA2013	This course is a Major Required Course for ATS		
TRA3003	This course is a Major Required Course for ATS		
TRA3033	This course is a Major Required Course for ATS		
TRA3063	This course is a Major Required Course for ATS	This course is a Major Elective Course for DSS	
TRA3083	This course is a Major Required Course for ATS		
TRA4073	This course is a Major Required Course for ATS		
TRA3043	This course is a Major Required Course for ATS		
TRA3053	This course is a Major Required Course for ATS		
TRA3113	This course is a Major Required Course for ATS	This course is a Major Elective Course for DSS	
TRA3133	This course is a Major Required Course for ATS		
TRA4093	This course is a Major Required Course for ATS		
ENG2063		This course is a Major Elective Course for ATS, ELLS	
ENG2093		This course is a Major Elective Course for ATS, ELLS	
ENG2113		This course is a Major Elective Course for ATS, ELLS	
ENG3063		This course is a Major Elective Course for ATS, ELLS	
ENG3143		This course is a Major Elective Course for ATS	This course is a Concentration Required Course for ELLS (English for Professional Communication (EPC) Concentration Required Courses)
ENG3183		This course is a Major Elective Course for ATS, ELLS	
ENG4153		This course is a Major Elective Course for ATS, ELLS	
TESL4093		This course is a Major Elective Course for ATS, ELLS	
TRA2033		This course is a Major Elective Course for ATS, ELLS	
TRA2043		This course is a Major Elective Course for ATS, ELLS	
TRA2053		This course is a Major Elective Course for ATS, ELLS	
TRA3073		This course is a Major Elective Course for ATS	
TRA3093		This course is a Major Elective Course for ATS, ELLS	
TRA3103		This course is a Major Elective Course for ATS, ELLS	
TRA3123		This course is a Major Elective Course for ATS, DSS	
TRA4003		This course is a Major Elective Course for ATS	
TRA4013		This course is a Major Elective Course for ATS	
TRA4023		This course is a Major Elective Course for ATS, ELLS	
TRA4043		This course is a Major Elective Course for ATS, ELLS	
TRA4053		This course is a Major Elective Course for ATS	
TRA4063		This course is a Major Elective Course for ATS	
TRA4083		This course is a Major Elective Course for ATS	
ACCT2043	This course is a Major Required Course for BA, CCM, FM	This course is a Major Elective Course for ENVS, FS (ME Courses on Business and Management)	
BA1003	This course is a Major Required Course for BA		
EBIS3033	This course is a Major Required Course for BA	This course is a Major Elective Course for EBIS	
BA2003	This course is a Major Required Course for BA		
BA2023	This course is a Major Required Course for BA		
BA2043	This course is a Major Required Course for BA		
ECON2063	This course is a Major Required Course for BA		
BA2013	This course is a Major Required Course for BA		
BA2033	This course is a Major Required Course for BA		
BUS4093	This course is a Major Required Course for BA, CCM		
FIN3073	This course is a Major Required Course for BA	This course is a Major Elective Course for FIN	
BA3083	This course is a Major Required Course for BA		
BA3093	This course is a Major Required Course for BA		
BA3103	This course is a Major Required Course for BA		
BA3113	This course is a Major Required Course for BA		
BA4023	This course is a Major Required Course for BA		
BA4033	This course is a Major Required Course for BA		
BA4043	This course is a Major Required Course for BA		
BUS4103	This course is a Major Required Course for BA		
BA3013		This course is a Major Elective Course for BA (Business Applications (BA))	
BA3053		This course is a Major Elective Course for BA (Business Applications (BA))	
BA3043		This course is a Major Elective Course for BA (Data Science (DS))	
BA3023		This course is a Major Elective Course for BA (Business Applications (BA) + Data Science (DS))	
BA3123		This course is a Major Elective Course for BA (Business Applications (BA) + Data Science (DS))	
DMM3013	This course is a Major Required Course for DMM	This course is a Major Elective Course for BA (Business Applications (BA) + Data Science (DS))	
DSS2033	This course is a Major Required Course for DSS	This course is a Major Elective Course for BA (Business Applications (BA) + Data Science (DS))	
BA3073		This course is a Major Elective Course for BA (Data Science (DS) + Mathematical Modelling (MM))	
STAT4063	This course is a Major Required Course for STAT	This course is a Major Elective Course for BA (Data Science (DS) + Mathematical Modelling (MM)), DS	
BA3063		This course is a Major Elective Course for BA (Business Applications (BA) + Mathematical Modelling (MM))	
BA3033		This course is a Major Elective Course for BA (Business Applications (BA) + Data Science (DS) + Mathematical Modelling (MM))	
BA4003		This course is a Major Elective Course for BA (Business Applications (BA) + Data Science (DS) + Mathematical Modelling (MM))	
BA4013		This course is a Major Elective Course for BA (Business Applications (BA) + Data Science (DS) + Mathematical Modelling (MM))	
EBIS2003		This course is a Major Elective Course for BA (Business Applications (BA) + Data Science (DS) + Mathematical Modelling (MM)), EBIS	
CCGC1003	This course is a Major Required Course for CCGC		
CCGC1013	This course is a Major Required Course for CCGC		
CCGC1023	This course is a Major Required Course for CCGC		
CCGC2003	This course is a Major Required Course for CCGC		
CCGC2023	This course is a Major Required Course for CCGC		
MCOM1003	This course is a Major Required Course for CCGC, MCOM (MR Courses on Media/Communication Theories)		
CCGC3003	This course is a Major Required Course for CCGC		
CCGC3013	This course is a Major Required Course for CCGC		
CCGC3023	This course is a Major Required Course for CCGC		
CCGC3033	This course is a Major Required Course for CCGC		
CCGC3043	This course is a Major Required Course for CCGC		
CCGC4003	This course is a Major Required Course for CCGC		
CCGC4013	This course is a Major Required Course for CCGC		
MCOM3123	This course is a Major Required Course for CCGC, MCOM (MR Courses on Media/Communication Theories)	This course is a Major Elective Course for PRA	
CCGC4023	This course is a Major Required Course for CCGC		
CCGC1033		This course is a Major Elective Course for CCGC	
CCGC1043		This course is a Major Elective Course for CCGC	
CCGC2033		This course is a Major Elective Course for CCGC	
CCGC2043		This course is a Major Elective Course for CCGC	
CCGC2053		This course is a Major Elective Course for CCGC	
CCGC2063		This course is a Major Elective Course for CCGC	
CCGC2073		This course is a Major Elective Course for CCGC	
CCGC2083		This course is a Major Elective Course for CCGC	
CCGC3053		This course is a Major Elective Course for CCGC	
CCGC3063		This course is a Major Elective Course for CCGC	
CCGC3073		This course is a Major Elective Course for CCGC	
CCGC3083		This course is a Major Elective Course for CCGC	
CCGC3093		This course is a Major Elective Course for CCGC, MCOM (ME Courses on Media/Communication Theories), PRA	
CCGC3103		This course is a Major Elective Course for CCGC	
CCGC3113		This course is a Major Elective Course for CCGC	
CCGC4033		This course is a Major Elective Course for CCGC, MCOM (ME Courses on Media/Communication Theories), PRA	
CCGC4043		This course is a Major Elective Course for CCGC	
CCGC4053		This course is a Major Elective Course for CCGC	
CCGC4063		This course is a Major Elective Course for CCGC	
CCGC4073		This course is a Major Elective Course for CCGC, MCOM (ME Courses on Media/Communication Theories), PRA	
COMM2023		This course is a Major Elective Course for CCGC, PRA	
COMM3013		This course is a Major Elective Course for CCGC, MCOM (ME Courses on Media/Communication Theories), PRA	
COMM3023		This course is a Major Elective Course for CCGC, MCOM (ME Courses on Media/Communication Theories), PRA	
MCOM1013	This course is a Major Required Course for DSS, MCOM (MR Courses on Media/Communication Theories)	This course is a Major Elective Course for CCGC	
MCOM2063		This course is a Major Elective Course for CCGC, MCOM (ME Courses on Practical Skills)	
MCOM2073		This course is a Major Elective Course for CCGC, MCOM (ME Courses on Media/Communication Theories)	
MCOM3003	This course is a Major Required Course for MCOM (MR Courses on Media/Communication Theories)	This course is a Major Elective Course for CCGC	
MCOM3043		This course is a Major Elective Course for CCGC, MCOM (ME Courses on Media/Communication Theories), PRA	
MCOM3053		This course is a Major Elective Course for CCGC, MCOM (ME Courses on Media/Communication Theories), PRA	
MCOM3063		This course is a Major Elective Course for CCGC, MCOM (ME Courses on Media/Communication Theories), PRA	
MCOM3073		This course is a Major Elective Course for CCGC, MCOM (ME Courses on Media/Communication Theories)	
MCOM3133	This course is a Major Required Course for MCOM (MR Courses on Media/Communication Theories)	This course is a Major Elective Course for CCGC	
MCOM3163		This course is a Major Elective Course for CCGC, MCOM (ME Courses on Media/Communication Theories), PRA	
MCOM3173		This course is a Major Elective Course for CCGC, MCOM (ME Courses on Media/Communication Theories), PRA	
MCOM3253		This course is a Major Elective Course for CCGC, MCOM (ME Courses on Media/Communication Theories), PRA	
MCOM4083		This course is a Major Elective Course for CCGC, MCOM (ME Courses on Practical Skills), PRA	
MCOM4093		This course is a Major Elective Course for CCGC, MCOM (ME Courses on Media/Communication Theories), PRA	
PRA2043		This course is a Major Elective Course for CCGC, MCOM (ME Courses on Practical Skills), PRA	
PRA2053		This course is a Major Elective Course for CCGC, MCOM (ME Courses on Media/Communication Theories), PRA	
PRA3073	This course is a Major Required Course for PRA	This course is a Major Elective Course for CCGC, MCOM (ME Courses on Practical Skills)	
PRA3113		This course is a Major Elective Course for CCGC, PRA	
PRA4003		This course is a Major Elective Course for CCGC, MCOM (ME Courses on Media/Communication Theories), PRA	
PRA4013		This course is a Major Elective Course for CCGC, MCOM (ME Courses on Media/Communication Theories), PRA	
CCM2113	This course is a Major Required Course for CCM	This course is a Major Elective Course for THEM	
CCM2093	This course is a Major Required Course for CCM		
FIN2023	This course is a Major Required Course for CCM		
BUS2053	This course is a Major Required Course for CCM		
CCM3023	This course is a Major Required Course for CCM		
CCM3033	This course is a Major Required Course for CCM		
CCM4103	This course is a Major Required Course for CCM		
CCM4093	This course is a Major Required Course for CCM		
CCM2063		This course is a Major Elective Course for CCM	
CCM2123		This course is a Major Elective Course for CCM	
CCM3083		This course is a Major Elective Course for CCM	
CCM3093		This course is a Major Elective Course for CCM, THEM	
CCM3103		This course is a Major Elective Course for CCM	
CCM3113		This course is a Major Elective Course for CCM	
CCM3123		This course is a Major Elective Course for CCM	
CCM3133	This course is a Major Required Course for THEM	This course is a Major Elective Course for CCM	
CCM3143		This course is a Major Elective Course for CCM	
CCM3153		This course is a Major Elective Course for CCM	
CCM3163		This course is a Major Elective Course for CCM	
CCM3173		This course is a Major Elective Course for CCM	
CCM4023		This course is a Major Elective Course for CCM, DMM	
CCM4033		This course is a Major Elective Course for CCM	
CCM4043		This course is a Major Elective Course for CCM	
CCM4053	This course is a Major Required Course for THEM	This course is a Major Elective Course for CCM	
CCM4063		This course is a Major Elective Course for CCM	
CCM4073		This course is a Major Elective Course for CCM	
CCM4083		This course is a Major Elective Course for CCM	
CCM4113		This course is a Major Elective Course for CCM	
COMP1033	This course is a Major Required Course for CST		
COMP2013	This course is a Major Required Course for CST, DS		
COMP1003	This course is a Major Required Course for CST	This course is a Major Elective Course for DS	
COMP3013	This course is a Major Required Course for CST, DS	This course is a Major Elective Course for STAT	
COMP2073	This course is a Major Required Course for CST		
COMP3003	This course is a Major Required Course for CST	This course is a Major Elective Course for DS	
COMP3033	This course is a Major Required Course for CST	This course is a Major Elective Course for DS	
COMP3173	This course is a Major Required Course for CST	This course is a Major Elective Course for DS	
COMP3063	This course is a Major Required Course for CST	This course is a Major Elective Course for DS	
COMP3253	This course is a Major Required Course for CST		
COMP4004	This course is a Major Required Course for CST		
COMP3073		This course is a Major Elective Course for CST (Intelligence Technology Stream), DS	
COMP3083		This course is a Major Elective Course for CST (Intelligence Technology Stream), DS	
COMP3103		This course is a Major Elective Course for CST (Intelligence Technology Stream), DS	
COMP3123		This course is a Major Elective Course for CST (Intelligence Technology Stream), DS	
COMP3163		This course is a Major Elective Course for CST (Intelligence Technology Stream), DS	
COMP3183		This course is a Major Elective Course for CST (Intelligence Technology Stream), DS	
COMP3193		This course is a Major Elective Course for CST (Intelligence Technology Stream)	
COMP3213		This course is a Major Elective Course for CST (Intelligence Technology Stream)	
COMP3223		This course is a Major Elective Course for CST (Intelligence Technology Stream)	
COMP4005		This course is a Major Elective Course for CST (Intelligence Technology Stream)	
COMP4023		This course is a Major Elective Course for CST (Intelligence Technology Stream), DS	
COMP4033		This course is a Major Elective Course for CST (Intelligence Technology Stream), CST (Game Design Technology Stream), DS	
COMP4053		This course is a Major Elective Course for CST (Intelligence Technology Stream), DS	
COMP4063		This course is a Major Elective Course for CST (Intelligence Technology Stream), CST (Game Design Technology Stream), DS	
COMP4073		This course is a Major Elective Course for CST (Intelligence Technology Stream), DS	
COMP4083		This course is a Major Elective Course for CST (Intelligence Technology Stream)	
COMP4093		This course is a Major Elective Course for CST (Intelligence Technology Stream), DS	
COMP4103		This course is a Major Elective Course for CST (Intelligence Technology Stream)	
COMP4113		This course is a Major Elective Course for CST (Intelligence Technology Stream), DS	
COMP4123		This course is a Major Elective Course for CST (Intelligence Technology Stream), DS	
COMP4133		This course is a Major Elective Course for CST (Intelligence Technology Stream)	
COMP4143		This course is a Major Elective Course for CST (Intelligence Technology Stream), DS	
COMP4163	This course is a Major Required Course for DS	This course is a Major Elective Course for CST (Intelligence Technology Stream), STAT	
COMP4173		This course is a Major Elective Course for CST (Intelligence Technology Stream), DS	
COMP4213		This course is a Major Elective Course for CST (Intelligence Technology Stream)	
DS3023		This course is a Major Elective Course for CST (Intelligence Technology Stream), CST (Game Design Technology Stream), DS	
DS4033		This course is a Major Elective Course for CST (Intelligence Technology Stream), DS, STAT	
DS4053		This course is a Major Elective Course for CST (Intelligence Technology Stream), DS, STAT	
GCAP3123		This course is a Major Elective Course for CST (Intelligence Technology Stream), CST (Game Design Technology Stream)	
STAT3003		This course is a Major Elective Course for CST (Intelligence Technology Stream), DS, STAT	
STAT3073	This course is a Major Required Course for STAT	This course is a Major Elective Course for CST (Intelligence Technology Stream), DS	
COMP3233		This course is a Major Elective Course for CST (Game Design Technology Stream)	
COMP4183		This course is a Major Elective Course for CST (Game Design Technology Stream)	
COMP4193		This course is a Major Elective Course for CST (Game Design Technology Stream)	
MAD3033	This course is a Major Required Course for MAD	This course is a Major Elective Course for CST (Game Design Technology Stream)	
MAD3063		This course is a Major Elective Course for CST (Game Design Technology Stream), MAD	
COMP4203		This course is a Major Elective Course for CST (Other Common Major Elective Courses)	
DS3053		This course is a Major Elective Course for CST (Other Common Major Elective Courses), DS	
CTV1003	This course is a Major Required Course for CTV, MAD		
CTV1023	This course is a Major Required Course for CTV		
CTV2053	This course is a Major Required Course for CTV		
CTV3023	This course is a Major Required Course for CTV		
CTV2063	This course is a Major Required Course for CTV		
CTV2093	This course is a Major Required Course for CTV		
CTV3003	This course is a Major Required Course for CTV		
CTV4203	This course is a Major Required Course for CTV	This course is a Major Elective Course for DMM	
CTV4013	This course is a Major Required Course for CTV	This course is a Major Elective Course for DMM	
CTV4153	This course is a Major Required Course for CTV		
CTV2003		This course is a Major Elective Course for CTV	
CTV2083		This course is a Major Elective Course for CTV	
CTV3013		This course is a Major Elective Course for CTV	
CTV3033		This course is a Major Elective Course for CTV	
CTV3043		This course is a Major Elective Course for CTV	
CTV3053		This course is a Major Elective Course for CTV	
CTV3113		This course is a Major Elective Course for CTV	
CTV3123		This course is a Major Elective Course for CTV	
CTV3133		This course is a Major Elective Course for CTV	
CTV3143		This course is a Major Elective Course for CTV	
CTV4023		This course is a Major Elective Course for CTV	
CTV4033		This course is a Major Elective Course for CTV	
CTV4043		This course is a Major Elective Course for CTV	
CTV4053		This course is a Major Elective Course for CTV	
CTV4073		This course is a Major Elective Course for CTV	
CTV4083		This course is a Major Elective Course for CTV	
CTV4103		This course is a Major Elective Course for CTV	
CTV4133		This course is a Major Elective Course for CTV	
CTV4143		This course is a Major Elective Course for CTV	
CTV4173		This course is a Major Elective Course for CTV, DMM	
CTV4183		This course is a Major Elective Course for CTV	
CTV4193		This course is a Major Elective Course for CTV	
CTV4213		This course is a Major Elective Course for CTV	
CTV4223		This course is a Major Elective Course for CTV	
CTV4233		This course is a Major Elective Course for CTV	
CTV4243		This course is a Major Elective Course for CTV	
DSS1013	This course is a Major Required Course for DSS, GAD		
DSS1023	This course is a Major Required Course for DSS		
DS1013	This course is a Major Required Course for DSS, GAD	This course is a Major Elective Course for ENVS	
DSS2013	This course is a Major Required Course for DSS		This course is a Concentration Required Course for GAD (Public Administration (PA) Concentration Required Courses)
DSS2023	This course is a Major Required Course for DSS		
POLS2073	This course is a Major Required Course for DSS, GAD		
DS2003	This course is a Major Required Course for DSS		
GDST1083	This course is a Major Required Course for DSS		
GTSC2053	This course is a Major Required Course for DSS		
DSS3003	This course is a Major Required Course for DSS		
ENV3073	This course is a Major Required Course for DSS, GAD	This course is a Major Elective Course for ENVS	
GLD3063	This course is a Major Required Course for DSS, GAD		
PRA3063	This course is a Major Required Course for DSS, PRA		
DSS3033	This course is a Major Required Course for DSS		
DSS4023	This course is a Major Required Course for DSS		
DHSS2003		This course is a Major Elective Course for DSS, GAD	
DSS3013		This course is a Major Elective Course for DSS	
DSS3023		This course is a Major Elective Course for DSS	
DSS3043		This course is a Major Elective Course for DSS	
DSS3053		This course is a Major Elective Course for DSS	
DSS3063		This course is a Major Elective Course for DSS	
DSS4033		This course is a Major Elective Course for DSS	
DSS4043		This course is a Major Elective Course for DSS	
ENG2053		This course is a Major Elective Course for DSS, ELLS	
ENG2123		This course is a Major Elective Course for DSS	This course is a Concentration Required Course for ELLS (English for Professional Communication (EPC) Concentration Required Courses)
ENG2143		This course is a Major Elective Course for DSS	This course is a Concentration Required Course for ELLS (English for Professional Communication (EPC) Concentration Required Courses)
ENG3073		This course is a Major Elective Course for DSS, ELLS	
ENG3153		This course is a Major Elective Course for DSS	
ENG3203		This course is a Major Elective Course for DSS	This course is a Concentration Required Course for ELLS (English for Professional Communication (EPC) Concentration Required Courses)
GLD3123		This course is a Major Elective Course for DSS	This course is a Concentration Required Course for GAD (Public Administration (PA) Concentration Required Courses)
GLD3153		This course is a Major Elective Course for DSS, GAD	
PRA4073		This course is a Major Elective Course for DSS, PRA	
TESL3013		This course is a Major Elective Course for DSS, ELLS	
DMM2023	This course is a Major Required Course for DMM		
DMM2003	This course is a Major Required Course for DMM		
DMM2013	This course is a Major Required Course for DMM		
DMM3033	This course is a Major Required Course for DMM		
DMM3073	This course is a Major Required Course for DMM		
DMM3003	This course is a Major Required Course for DMM		
DMM3023	This course is a Major Required Course for DMM		
DMM4013	This course is a Major Required Course for DMM		
DMM4023	This course is a Major Required Course for DMM		
DMM3043		This course is a Major Elective Course for DMM	
DMM3053		This course is a Major Elective Course for DMM	
DMM3063		This course is a Major Elective Course for DMM	
DMM4003		This course is a Major Elective Course for DMM	
DMM4033		This course is a Major Elective Course for DMM	
MAD3093		This course is a Major Elective Course for DMM, MAD	
MAD3153		This course is a Major Elective Course for DMM	
MAD4053		This course is a Major Elective Course for DMM, MAD	
DS1023	This course is a Major Required Course for DS		
DS2043	This course is a Major Required Course for DS		
STAT2003	This course is a Major Required Course for DS, STAT		
DS3043	This course is a Major Required Course for DS		
STAT2013	This course is a Major Required Course for DS, STAT	This course is a Major Elective Course for FM	
DS4004	This course is a Major Required Course for DS		
DS2033		This course is a Major Elective Course for DS	
DS3033		This course is a Major Elective Course for DS	
DS4005		This course is a Major Elective Course for DS	
DS4063		This course is a Major Elective Course for DS	
STAT3033		This course is a Major Elective Course for DS, STAT	
STAT4003		This course is a Major Elective Course for DS, STAT	
STAT4043	This course is a Major Required Course for STAT	This course is a Major Elective Course for DS	
EBIS3003	This course is a Major Required Course for EBIS		
EBIS3013	This course is a Major Required Course for EBIS		
EBIS3023	This course is a Major Required Course for EBIS	This course is a Major Elective Course for EPIN	
ACCT4073		This course is a Major Elective Course for EBIS	
EBIS2013		This course is a Major Elective Course for EBIS	
EBIS3063		This course is a Major Elective Course for EBIS	
EBIS3073		This course is a Major Elective Course for EBIS, EPIN	
EBIS3083		This course is a Major Elective Course for EBIS, EPIN, MKT	
EBIS3093		This course is a Major Elective Course for EBIS, EPIN	
EBIS4013		This course is a Major Elective Course for EBIS	
EBIS4043		This course is a Major Elective Course for EBIS	
EBIS4063		This course is a Major Elective Course for EBIS	
EBIS4073		This course is a Major Elective Course for EBIS	
ENG1003	This course is a Major Required Course for ELLS		
ENG2043	This course is a Major Required Course for ELLS		
ENG3033	This course is a Major Required Course for ELLS		
ENG2083	This course is a Major Required Course for ELLS		
ENG3393	This course is a Major Required Course for ELLS		
ENG4193	This course is a Major Required Course for ELLS		
ENG2223			This course is a Concentration Required Course for ELLS (English for Professional Communication (EPC) Concentration Required Courses)
ENG3083			This course is a Concentration Required Course for ELLS (English for Professional Communication (EPC) Concentration Required Courses)
ENG4123			This course is a Concentration Required Course for ELLS (English for Professional Communication (EPC) Concentration Required Courses)
ENG4183			This course is a Concentration Required Course for ELLS (English for Professional Communication (EPC) Concentration Required Courses)
ENG4203			This course is a Concentration Required Course for ELLS (English for Professional Communication (EPC) Concentration Required Courses)
ENG2163			This course is a Concentration Required Course for ELLS (Literary Studies in English (LSE) Concentration Required Courses)
ENG2173			This course is a Concentration Required Course for ELLS (Literary Studies in English (LSE) Concentration Required Courses)
ENG3003			This course is a Concentration Required Course for ELLS (Literary Studies in English (LSE) Concentration Required Courses)
ENG4053			This course is a Concentration Required Course for ELLS (Literary Studies in English (LSE) Concentration Required Courses)
ENG3313			This course is a Concentration Required Course for ELLS (Literary Studies in English (LSE) Concentration Required Courses)
ENG3353			This course is a Concentration Required Course for ELLS (Literary Studies in English (LSE) Concentration Required Courses)
ENG3383			This course is a Concentration Required Course for ELLS (Literary Studies in English (LSE) Concentration Required Courses)
ENG4133			This course is a Concentration Required Course for ELLS (Literary Studies in English (LSE) Concentration Required Courses)
ENG3223			This course is a Concentration Required Course for ELLS (Literary Studies in English (LSE) Concentration Required Courses)
TESL2003			This course is a Concentration Required Course for ELLS (Teaching English to Speakers of Other Languages (TESOL) Concentration Required Courses)
ENG2183			This course is a Concentration Required Course for ELLS (Teaching English to Speakers of Other Languages (TESOL) Concentration Required Courses)
TESL3063			This course is a Concentration Required Course for ELLS (Teaching English to Speakers of Other Languages (TESOL) Concentration Required Courses)
TESL3083			This course is a Concentration Required Course for ELLS (Teaching English to Speakers of Other Languages (TESOL) Concentration Required Courses)
TESL3033			This course is a Concentration Required Course for ELLS (Teaching English to Speakers of Other Languages (TESOL) Concentration Required Courses)
TESL3043			This course is a Concentration Required Course for ELLS (Teaching English to Speakers of Other Languages (TESOL) Concentration Required Courses)
TESL4053			This course is a Concentration Required Course for ELLS (Teaching English to Speakers of Other Languages (TESOL) Concentration Required Courses)
TESL4083			This course is a Concentration Required Course for ELLS (Teaching English to Speakers of Other Languages (TESOL) Concentration Required Courses)
TESL3093			This course is a Concentration Required Course for ELLS (Teaching English to Speakers of Other Languages (TESOL) Concentration Required Courses)
ENG2153		This course is a Major Elective Course for ELLS	
ENG2193		This course is a Major Elective Course for ELLS	
ENG2203		This course is a Major Elective Course for ELLS	
ENG3023		This course is a Major Elective Course for ELLS	
ENG3053		This course is a Major Elective Course for ELLS	
ENG3093		This course is a Major Elective Course for ELLS	
ENG3123		This course is a Major Elective Course for ELLS	
ENG3163		This course is a Major Elective Course for ELLS	
ENG3213		This course is a Major Elective Course for ELLS	
ENG3233		This course is a Major Elective Course for ELLS	
ENG3243		This course is a Major Elective Course for ELLS	
ENG3303		This course is a Major Elective Course for ELLS	
ENG3363		This course is a Major Elective Course for ELLS	
ENG3373		This course is a Major Elective Course for ELLS	
ENG3913		This course is a Major Elective Course for ELLS	
ENG4013		This course is a Major Elective Course for ELLS	
ENG4023		This course is a Major Elective Course for ELLS	
ENG4063		This course is a Major Elective Course for ELLS	
ENG4173		This course is a Major Elective Course for ELLS	
ENG4213		This course is a Major Elective Course for ELLS	
ENG4223		This course is a Major Elective Course for ELLS	
PSY2053		This course is a Major Elective Course for ELLS	
TESL2013		This course is a Major Elective Course for ELLS	
TESL3003		This course is a Major Elective Course for ELLS	
TESL4013		This course is a Major Elective Course for ELLS	
TESL4063		This course is a Major Elective Course for ELLS	
TESL4103		This course is a Major Elective Course for ELLS	
ENV2003	This course is a Major Required Course for ENVS		
SCIT1023	This course is a Major Required Course for ENVS, FS		
BIOL1023	This course is a Major Required Course for ENVS		
BIOL2023	This course is a Major Required Course for ENVS		
BIOL2103	This course is a Major Required Course for ENVS		
STAT1013	This course is a Major Required Course for ENVS, FS		
BIOL2093	This course is a Major Required Course for ENVS		
CHEM2003	This course is a Major Required Course for ENVS, FS		
CHEM2053	This course is a Major Required Course for ENVS		
BIOL3003	This course is a Major Required Course for ENVS		
ENV3043	This course is a Major Required Course for ENVS		
BIOL3053	This course is a Major Required Course for ENVS		
ENV3003	This course is a Major Required Course for ENVS		
ENV3163	This course is a Major Required Course for ENVS		
ENV3173	This course is a Major Required Course for ENVS		
ENV3013	This course is a Major Required Course for ENVS		
ENV4004	This course is a Major Required Course for ENVS		
BIOL1013		This course is a Major Elective Course for ENVS	
BIOL2063	This course is a Major Required Course for FS	This course is a Major Elective Course for ENVS	
BIOL2083		This course is a Major Elective Course for ENVS	
BIOL3033		This course is a Major Elective Course for ENVS	
BIOL4023		This course is a Major Elective Course for ENVS	
CHEM3013		This course is a Major Elective Course for ENVS	
ENV1003		This course is a Major Elective Course for ENVS	
ENV1013		This course is a Major Elective Course for ENVS	
ENV1023		This course is a Major Elective Course for ENVS	
ENV3023		This course is a Major Elective Course for ENVS	
ENV3053		This course is a Major Elective Course for ENVS	
ENV3063		This course is a Major Elective Course for ENVS	
ENV3083		This course is a Major Elective Course for ENVS	
ENV3093		This course is a Major Elective Course for ENVS	
ENV3103		This course is a Major Elective Course for ENVS	
ENV3113		This course is a Major Elective Course for ENVS	
ENV3123		This course is a Major Elective Course for ENVS	
ENV3153		This course is a Major Elective Course for ENVS	
ENV3183		This course is a Major Elective Course for ENVS	
ENV3193		This course is a Major Elective Course for ENVS	
ENV4003		This course is a Major Elective Course for ENVS	
ENV4005		This course is a Major Elective Course for ENVS	
ENV4013		This course is a Major Elective Course for ENVS	
ENV4033		This course is a Major Elective Course for ENVS	
ENV4043		This course is a Major Elective Course for ENVS	
ENV4063		This course is a Major Elective Course for ENVS	
ENV4073		This course is a Major Elective Course for ENVS	
ENV4083		This course is a Major Elective Course for ENVS	
GCAP3143		This course is a Major Elective Course for ENVS	
MHR3003	This course is a Major Required Course for MHR	This course is a Major Elective Course for ENVS, FS (ME Courses on Business and Management)	
EPIN3003	This course is a Major Required Course for EPIN		
EPIN3013	This course is a Major Required Course for EPIN		
EPIN3023	This course is a Major Required Course for EPIN		
EPIN4003	This course is a Major Required Course for EPIN		
BUS3043		This course is a Major Elective Course for EPIN	
EPIN3033		This course is a Major Elective Course for EPIN	
EPIN3043		This course is a Major Elective Course for EPIN	
EPIN3053		This course is a Major Elective Course for EPIN	
EPIN3063		This course is a Major Elective Course for EPIN	
EPIN4013		This course is a Major Elective Course for EPIN	
EPIN4023		This course is a Major Elective Course for EPIN	
EPIN4033		This course is a Major Elective Course for EPIN	
FIN3043	This course is a Major Required Course for FIN	This course is a Major Elective Course for EPIN	
FIN4043		This course is a Major Elective Course for EPIN, FIN	
FIN3093	This course is a Major Required Course for FIN		
FIN3033	This course is a Major Required Course for FIN		
FIN2013		This course is a Major Elective Course for FIN	
FIN3003		This course is a Major Elective Course for FIN	
FIN3023		This course is a Major Elective Course for FIN	
FIN3053		This course is a Major Elective Course for FIN	
FIN4003		This course is a Major Elective Course for FIN	
FIN4013		This course is a Major Elective Course for FIN	
FIN4023		This course is a Major Elective Course for FIN	
FIN4033		This course is a Major Elective Course for FIN	
FIN4053		This course is a Major Elective Course for FIN	
FIN4063		This course is a Major Elective Course for FIN	
COMP3153	This course is a Major Required Course for FM		
FINM2063	This course is a Major Required Course for FM		
COMP3283	This course is a Major Required Course for FM		
MATH2033	This course is a Major Required Course for FM		
ECON2103	This course is a Major Required Course for FM		
FINM3093	This course is a Major Required Course for FM		
ECON2113	This course is a Major Required Course for FM		
FINM3033	This course is a Major Required Course for FM		
FINM4073	This course is a Major Required Course for FM		
FINM4004	This course is a Major Required Course for FM		
ACCT2053		This course is a Major Elective Course for FM	
FIN3063		This course is a Major Elective Course for FM	
FINM2033		This course is a Major Elective Course for FM	
FINM3023		This course is a Major Elective Course for FM	
FINM3043		This course is a Major Elective Course for FM	
FINM3063		This course is a Major Elective Course for FM	
FINM3103		This course is a Major Elective Course for FM	
FINM4005		This course is a Major Elective Course for FM	
FINM4013		This course is a Major Elective Course for FM	
FINM4023		This course is a Major Elective Course for FM	
FINM4033		This course is a Major Elective Course for FM	
FINM4043		This course is a Major Elective Course for FM	
FINM4053		This course is a Major Elective Course for FM	
FINM4063		This course is a Major Elective Course for FM	
MATH3183		This course is a Major Elective Course for FM	
OR2003		This course is a Major Elective Course for FM	
STAT2023	This course is a Major Required Course for STAT	This course is a Major Elective Course for FM	
STAT3043	This course is a Major Required Course for STAT	This course is a Major Elective Course for FM	
FOOD1033	This course is a Major Required Course for FS		
BIOL2073	This course is a Major Required Course for FS		
BIOL2013	This course is a Major Required Course for FS		
BIOL2033	This course is a Major Required Course for FS		
FOOD2013	This course is a Major Required Course for FS		
CHEM2033	This course is a Major Required Course for FS		
FOOD3003	This course is a Major Required Course for FS		
FOOD3013	This course is a Major Required Course for FS		
FOOD3033	This course is a Major Required Course for FS		
FOOD3023	This course is a Major Required Course for FS		
FOOD3053	This course is a Major Required Course for FS		
FOOD3063	This course is a Major Required Course for FS		
FOOD3073	This course is a Major Required Course for FS		
FOOD4004	This course is a Major Required Course for FS		
BIOL3043		This course is a Major Elective Course for FS (ME Courses on Science and Technology)	
CHEM2043		This course is a Major Elective Course for FS (ME Courses on Science and Technology)	
CHEM2063		This course is a Major Elective Course for FS (ME Courses on Science and Technology)	
ENGI2003		This course is a Major Elective Course for FS (ME Courses on Science and Technology)	
ENGI2013		This course is a Major Elective Course for FS (ME Courses on Science and Technology)	
FOOD3043		This course is a Major Elective Course for FS (ME Courses on Science and Technology)	
FOOD3083		This course is a Major Elective Course for FS (ME Courses on Science and Technology)	
FOOD3093		This course is a Major Elective Course for FS (ME Courses on Science and Technology)	
FOOD4003		This course is a Major Elective Course for FS (ME Courses on Science and Technology)	
FOOD4005		This course is a Major Elective Course for FS (ME Courses on Science and Technology)	
FOOD4013		This course is a Major Elective Course for FS (ME Courses on Science and Technology)	
FOOD4023		This course is a Major Elective Course for FS (ME Courses on Science and Technology)	
FOOD4033		This course is a Major Elective Course for FS (ME Courses on Science and Technology)	
FOOD4043		This course is a Major Elective Course for FS (ME Courses on Science and Technology)	
FOOD4053		This course is a Major Elective Course for FS (ME Courses on Science and Technology)	
FOOD4073		This course is a Major Elective Course for FS (ME Courses on Science and Technology)	
FOOD4083		This course is a Major Elective Course for FS (ME Courses on Science and Technology)	
FOOD4093		This course is a Major Elective Course for FS (ME Courses on Science and Technology)	
FOOD4103		This course is a Major Elective Course for FS (ME Courses on Science and Technology)	
FOOD4113		This course is a Major Elective Course for FS (ME Courses on Science and Technology)	
FOOD4123		This course is a Major Elective Course for FS (ME Courses on Science and Technology)	
FOOD4133		This course is a Major Elective Course for FS (ME Courses on Science and Technology)	
FOOD4143		This course is a Major Elective Course for FS (ME Courses on Science and Technology)	
FOOD4153		This course is a Major Elective Course for FS (ME Courses on Science and Technology)	
GH2003		This course is a Major Elective Course for FS (ME Courses on Science and Technology)	
GH2013		This course is a Major Elective Course for FS (ME Courses on Science and Technology)	
GH2023		This course is a Major Elective Course for FS (ME Courses on Science and Technology)	
GH3003		This course is a Major Elective Course for FS (ME Courses on Science and Technology)	
GH4003		This course is a Major Elective Course for FS (ME Courses on Science and Technology)	
GLD2013	This course is a Major Required Course for GAD		
POLS1003	This course is a Major Required Course for GAD		
POLS2033	This course is a Major Required Course for GAD		
POLS3203	This course is a Major Required Course for GAD		
GLD2043	This course is a Major Required Course for GAD		
GLD2033	This course is a Major Required Course for GAD		
GLD2053	This course is a Major Required Course for GAD		
GLD3023	This course is a Major Required Course for GAD		
POLS3263	This course is a Major Required Course for GAD		
POLS3273	This course is a Major Required Course for GAD		
POLS3253	This course is a Major Required Course for GAD		
GLD4033	This course is a Major Required Course for GAD		
GLD3083			This course is a Concentration Required Course for GAD (International Development (ID) Concentration Required Courses)
GLD3113			This course is a Concentration Required Course for GAD (International Development (ID) Concentration Required Courses)
POLS3093			This course is a Concentration Required Course for GAD (International Development (ID) Concentration Required Courses)
GLD3103			This course is a Concentration Required Course for GAD (International Development (ID) Concentration Required Courses)
GLD4023			This course is a Concentration Required Course for GAD (International Development (ID) Concentration Required Courses)
DSS2003			This course is a Concentration Required Course for GAD (Public Administration (PA) Concentration Required Courses)
GLD3003			This course is a Concentration Required Course for GAD (Public Administration (PA) Concentration Required Courses)
SWSA2063			This course is a Concentration Required Course for GAD (Public Administration (PA) Concentration Required Courses)
GLD2023		This course is a Major Elective Course for GAD	
GLD3013		This course is a Major Elective Course for GAD	
GLD3043		This course is a Major Elective Course for GAD	
GLD3053		This course is a Major Elective Course for GAD	
GLD3073		This course is a Major Elective Course for GAD	
GLD3093		This course is a Major Elective Course for GAD	
GLD3133		This course is a Major Elective Course for GAD	
GLD3143		This course is a Major Elective Course for GAD	
GLD3163		This course is a Major Elective Course for GAD	
GLD3173		This course is a Major Elective Course for GAD	
GLD4013		This course is a Major Elective Course for GAD	
POLS3003		This course is a Major Elective Course for GAD	
POLS3163		This course is a Major Elective Course for GAD	
POLS3283		This course is a Major Elective Course for GAD	
POLS3303		This course is a Major Elective Course for GAD	
POLS3313		This course is a Major Elective Course for GAD	
POLS3323		This course is a Major Elective Course for GAD	
MAD2003	This course is a Major Required Course for MAD		
MAD2013	This course is a Major Required Course for MAD		
MAD2023	This course is a Major Required Course for MAD		
MAD2033	This course is a Major Required Course for MAD		
MAD3003	This course is a Major Required Course for MAD		
MAD3013	This course is a Major Required Course for MAD		
MAD3023	This course is a Major Required Course for MAD		
MAD4123	This course is a Major Required Course for MAD		
MAD2043		This course is a Major Elective Course for MAD	
MAD3043		This course is a Major Elective Course for MAD	
MAD3053		This course is a Major Elective Course for MAD	
MAD3073		This course is a Major Elective Course for MAD	
MAD3083		This course is a Major Elective Course for MAD	
MAD3113		This course is a Major Elective Course for MAD	
MAD3123		This course is a Major Elective Course for MAD	
MAD3133		This course is a Major Elective Course for MAD	
MAD3143		This course is a Major Elective Course for MAD	
MAD4013		This course is a Major Elective Course for MAD	
MAD4023		This course is a Major Elective Course for MAD	
MAD4033		This course is a Major Elective Course for MAD	
MAD4063		This course is a Major Elective Course for MAD	
MAD4073		This course is a Major Elective Course for MAD	
MAD4083		This course is a Major Elective Course for MAD	
MAD4093		This course is a Major Elective Course for MAD	
MAD4103		This course is a Major Elective Course for MAD	
MAD4113		This course is a Major Elective Course for MAD	
MCOM2013	This course is a Major Required Course for MCOM (MR Courses on Media/Communication Theories)		
MCOM2023	This course is a Major Required Course for MCOM (MR Courses on Media/Communication Theories)		
MCOM3093	This course is a Major Required Course for MCOM (MR Courses on Media/Communication Theories)		
MCOM4003	This course is a Major Required Course for MCOM (MR Courses on Media/Communication Theories)		
MCOM2033	This course is a Major Required Course for MCOM (MR Courses on Practical Skills)		
MCOM2083	This course is a Major Required Course for MCOM (MR Courses on Practical Skills)		
MCOM2053	This course is a Major Required Course for MCOM (MR Courses on Practical Skills)		
MCOM3023	This course is a Major Required Course for MCOM (MR Courses on Practical Skills)		
MCOM3143	This course is a Major Required Course for MCOM (MR Courses on Practical Skills)		
MCOM4023	This course is a Major Required Course for MCOM (MR Courses on Practical Skills)		
MCOM4013	This course is a Major Required Course for MCOM (MR Courses on Practical Skills)		
MCOM4073	This course is a Major Required Course for MCOM (MR Courses on Practical Skills)		
MCOM2043		This course is a Major Elective Course for MCOM (ME Courses on Media/Communication Theories)	
MCOM2093		This course is a Major Elective Course for MCOM (ME Courses on Media/Communication Theories)	
MCOM3013		This course is a Major Elective Course for MCOM (ME Courses on Media/Communication Theories)	
MCOM3183		This course is a Major Elective Course for MCOM (ME Courses on Media/Communication Theories)	
MCOM3193		This course is a Major Elective Course for MCOM (ME Courses on Media/Communication Theories)	
MCOM3203		This course is a Major Elective Course for MCOM (ME Courses on Media/Communication Theories)	
MCOM4043		This course is a Major Elective Course for MCOM (ME Courses on Media/Communication Theories)	
MCOM4053		This course is a Major Elective Course for MCOM (ME Courses on Media/Communication Theories)	
MCOM2103		This course is a Major Elective Course for MCOM (ME Courses on Practical Skills)	
MCOM2113		This course is a Major Elective Course for MCOM (ME Courses on Practical Skills)	
MCOM3033		This course is a Major Elective Course for MCOM (ME Courses on Practical Skills)	
MCOM3103		This course is a Major Elective Course for MCOM (ME Courses on Practical Skills)	
MCOM3113		This course is a Major Elective Course for MCOM (ME Courses on Practical Skills)	
MCOM3213		This course is a Major Elective Course for MCOM (ME Courses on Practical Skills)	
MCOM3223		This course is a Major Elective Course for MCOM (ME Courses on Practical Skills)	
MCOM3233		This course is a Major Elective Course for MCOM (ME Courses on Practical Skills)	
MCOM3243		This course is a Major Elective Course for MCOM (ME Courses on Practical Skills)	
MCOM4063		This course is a Major Elective Course for MCOM (ME Courses on Practical Skills)	
MHR3023	This course is a Major Required Course for MHR		
MHR3043	This course is a Major Required Course for MHR		
MHR3013	This course is a Major Required Course for MHR		
MHR3033	This course is a Major Required Course for MHR		
BUS4033		This course is a Major Elective Course for MHR	
BUS4043		This course is a Major Elective Course for MHR	
MHR3063		This course is a Major Elective Course for MHR	
MHR3073		This course is a Major Elective Course for MHR	
MHR3083		This course is a Major Elective Course for MHR	
MHR4003		This course is a Major Elective Course for MHR	
MHR4013		This course is a Major Elective Course for MHR	
MKT3033	This course is a Major Required Course for MKT		
MKT3023	This course is a Major Required Course for MKT		
MKT3063	This course is a Major Required Course for MKT		
MKT3013	This course is a Major Required Course for MKT		
MKT4003	This course is a Major Required Course for MKT		
BUS4063		This course is a Major Elective Course for MKT	
MKT2013		This course is a Major Elective Course for MKT	
MKT2023		This course is a Major Elective Course for MKT	
MKT3003		This course is a Major Elective Course for MKT	
MKT3043		This course is a Major Elective Course for MKT	
MKT3053		This course is a Major Elective Course for MKT	
MKT3073		This course is a Major Elective Course for MKT	
MKT3083		This course is a Major Elective Course for MKT	
MKT3093		This course is a Major Elective Course for MKT	
MKT3103		This course is a Major Elective Course for MKT	
MKT4013		This course is a Major Elective Course for MKT	
MKT4023		This course is a Major Elective Course for MKT	
MKT4033		This course is a Major Elective Course for MKT	
MKT4043		This course is a Major Elective Course for MKT	
MKT4053		This course is a Major Elective Course for MKT	
MUS1163	This course is a Major Required Course for MUS		
MUS1173	This course is a Major Required Course for MUS		
MUS1223	This course is a Major Required Course for MUS		
MUS1193	This course is a Major Required Course for MUS		
MUS1203	This course is a Major Required Course for MUS		
MUS1243	This course is a Major Required Course for MUS		
MUS2043	This course is a Major Required Course for MUS		
MUS2053	This course is a Major Required Course for MUS		
MUS2253	This course is a Major Required Course for MUS		
MUS2063	This course is a Major Required Course for MUS		
MUS2133	This course is a Major Required Course for MUS		
MUS2263	This course is a Major Required Course for MUS		
MUS3033	This course is a Major Required Course for MUS		
MUS3053	This course is a Major Required Course for MUS		
MUS3073	This course is a Major Required Course for MUS		
MUS3113	This course is a Major Required Course for MUS		
MUS3263	This course is a Major Required Course for MUS		
MUS3043	This course is a Major Required Course for MUS		
MUS3063	This course is a Major Required Course for MUS		
MUS3083	This course is a Major Required Course for MUS		
MUS3123	This course is a Major Required Course for MUS		
MUS3093	This course is a Major Required Course for MUS		
MUS4003	This course is a Major Required Course for MUS		
MUS4013	This course is a Major Required Course for MUS		
MUS4043	This course is a Major Required Course for MUS		
MUS3103	This course is a Major Required Course for MUS		
MUS4023	This course is a Major Required Course for MUS		
MUS2073		This course is a Major Elective Course for MUS	
MUS2083		This course is a Major Elective Course for MUS	
MUS2093		This course is a Major Elective Course for MUS	
MUS2103		This course is a Major Elective Course for MUS	
MUS2113		This course is a Major Elective Course for MUS	
MUS2123		This course is a Major Elective Course for MUS	
MUS2143		This course is a Major Elective Course for MUS	
MUS2153		This course is a Major Elective Course for MUS	
MUS2233		This course is a Major Elective Course for MUS	
MUS2273		This course is a Major Elective Course for MUS	
MUS2283		This course is a Major Elective Course for MUS	
MUS3133		This course is a Major Elective Course for MUS	
MUS3143		This course is a Major Elective Course for MUS	
MUS3283		This course is a Major Elective Course for MUS	
MUS3303		This course is a Major Elective Course for MUS	
MUS3313		This course is a Major Elective Course for MUS	
MUS3323		This course is a Major Elective Course for MUS	
MUS4053		This course is a Major Elective Course for MUS	
MUS4063		This course is a Major Elective Course for MUS	
MUS4073		This course is a Major Elective Course for MUS	
COMM2043	This course is a Major Required Course for PRA		
PRA2013	This course is a Major Required Course for PRA		
PRA2003	This course is a Major Required Course for PRA		
PRA2033	This course is a Major Required Course for PRA		
COMM2003	This course is a Major Required Course for PRA		
PRA3013	This course is a Major Required Course for PRA		
COMM3003	This course is a Major Required Course for PRA		
PRA3003	This course is a Major Required Course for PRA		
PRA3023	This course is a Major Required Course for PRA		
PRA3083	This course is a Major Required Course for PRA		
PRA3093	This course is a Major Required Course for PRA		
PRA4033	This course is a Major Required Course for PRA		
PRA4063	This course is a Major Required Course for PRA		
PRA4093	This course is a Major Required Course for PRA		
COMM2033		This course is a Major Elective Course for PRA	
PRA3033		This course is a Major Elective Course for PRA	
PRA3043		This course is a Major Elective Course for PRA	
PRA3053		This course is a Major Elective Course for PRA	
PRA3103		This course is a Major Elective Course for PRA	
PRA4043		This course is a Major Elective Course for PRA	
PRA4053		This course is a Major Elective Course for PRA	
PRA4083		This course is a Major Elective Course for PRA	
MATH4063	This course is a Major Required Course for STAT		
STAT4004	This course is a Major Required Course for STAT		
MATH2013		This course is a Major Elective Course for STAT	
MATH4023		This course is a Major Elective Course for STAT	
MATH4043		This course is a Major Elective Course for STAT	
MATH4053		This course is a Major Elective Course for STAT	
OR3003		This course is a Major Elective Course for STAT	
OR4003		This course is a Major Elective Course for STAT	
OR4013		This course is a Major Elective Course for STAT	
OR4033		This course is a Major Elective Course for STAT	
STAT3013		This course is a Major Elective Course for STAT	
STAT3023		This course is a Major Elective Course for STAT	
STAT4005		This course is a Major Elective Course for STAT	
STAT4023		This course is a Major Elective Course for STAT	
STAT4033		This course is a Major Elective Course for STAT	
STAT4053		This course is a Major Elective Course for STAT	
STAT4103		This course is a Major Elective Course for STAT	
STAT4113		This course is a Major Elective Course for STAT	
THEM2043	This course is a Major Required Course for THEM		
THEM3073	This course is a Major Required Course for THEM		
THEM3113	This course is a Major Required Course for THEM		
THEM3123	This course is a Major Required Course for THEM		
THEM3003	This course is a Major Required Course for THEM		
THEM3023	This course is a Major Required Course for THEM		
THEM3133	This course is a Major Required Course for THEM		
THEM3033	This course is a Major Required Course for THEM		
THEM3043	This course is a Major Required Course for THEM		
THEM3143	This course is a Major Required Course for THEM		
THEM4043	This course is a Major Required Course for THEM		
THEM3013	This course is a Major Required Course for THEM		
THEM4003	This course is a Major Required Course for THEM		
THEM4033	This course is a Major Required Course for THEM		
THEM3053	This course is a Major Required Course for THEM		
THEM4013	This course is a Major Required Course for THEM		
TEM3003		This course is a Major Elective Course for THEM	
TEM3013		This course is a Major Elective Course for THEM	
TEM3023		This course is a Major Elective Course for THEM	
TEM3033		This course is a Major Elective Course for THEM	
TEM4013		This course is a Major Elective Course for THEM	
THEM2003		This course is a Major Elective Course for THEM	
THEM2023		This course is a Major Elective Course for THEM	
THEM2033		This course is a Major Elective Course for THEM	
THEM3063		This course is a Major Elective Course for THEM	
THEM3083		This course is a Major Elective Course for THEM	
THEM3093		This course is a Major Elective Course for THEM	
THEM3103		This course is a Major Elective Course for THEM	
THEM4023		This course is a Major Elective Course for THEM	
